Pipeline,Scope,ROC-AUC (system),ROC-AUC (behav subset),Avg Precision,Recall@0.30,F1@0.30,Manual review %,Routing tiers
Application Model,"All 3,000",0.8043751291055568,0.7333719072022924,0.66513115742912,0.9319148936170213,0.5673575129533679,0%,1
Behavioral Model,664 only,,0.9432688598666447,0.8671364264123844,0.927536231884058,0.6052009456264775,N/A,1
Rule-based Router,"All 3,000",0.8500229807890932,0.943248195293988,0.7294037421122568,0.9372340425531915,0.6032180760013693,44.6%,3
ML Router,"All 3,000",0.8476040590787027,0.9253182344189123,0.7257151306113567,0.9340425531914893,0.6028149673875729,44.6%,3
